{"best_fitnesses": [63.0, 41.0, 113.0, 113.0, 113.0, 113.0, 113.0, 113.0, 113.0, 113.0, 113.0, 113.0, 113.0, 113.0, 113.0, 113.0, 53.0, 67.0, 161.0, 115.0, 94.0, 44.0, 113.0, 78.0, 64.0, 113.0, 113.0, 113.0, 113.0, 115.0], "worst_fitnesses": [24.0, 25.0, 28.0, 21.0, 21.0, 22.0, 21.0, 22.0, 21.0, 19.0, 20.0, 20.0, 21.0, 20.0, 22.0, 20.0, 22.0, 21.0, 25.0, 27.0, 25.0, 19.0, 22.0, 21.0, 21.0, 21.0, 21.0, 21.0, 20.0, 21.0], "average_fitnesses": [28.2, 27.12, 31.966666666666665, 27.096666666666668, 26.476666666666667, 27.066666666666666, 27.506666666666668, 26.7, 26.496666666666666, 24.126666666666665, 25.63, 27.03, 25.596666666666668, 25.563333333333333, 26.663333333333334, 25.573333333333334, 27.186666666666667, 26.31, 30.876666666666665, 32.53333333333333, 30.83, 20.483333333333334, 26.04, 25.673333333333332, 25.533333333333335, 27.11, 27.36, 27.703333333333333, 26.926666666666666, 28.636666666666667]}